model,runtime,inference_time_1,fps,inference_time,device,half,int8,map50,map75,warmup_max_inf_time,warmup_min_inf_time,inference_time_max,inference_time_min
data/models/yolov8n.pt,BASE,103.6,9.7,103.56441378593445,cpu,0,0,0.8879474081130428,0.6375569549426173,124.2518424987793,53.13467979431152,138.8542652130127,92.7586555480957
data/models/yolov8s.pt,BASE,332.0,3.0,332.0082759857178,cpu,0,0,0.9469403013347323,0.8068723893065998,213.62042427062988,197.035551071167,366.23096466064453,322.85451889038086
data/models/yolov8m.pt,BASE,834.0,1.2,834.0170967578888,cpu,0,0,0.9287745098039216,0.8472408451363828,524.6307849884033,493.53694915771484,1249.7179508209229,654.268741607666
data/models/yolov8l.pt,BASE,1652.1,0.6,1652.0674276351929,cpu,0,0,0.9758593750000001,0.861819577991453,1007.3385238647461,977.8428077697754,1692.133903503418,1640.2039527893066
data/models/yolov8x.pt,BASE,3065.0,0.3,3064.9866712093353,cpu,0,0,0.9773658192090395,0.8856308851224105,1528.78999710083,1499.0754127502441,4329.802751541138,2488.0223274230957
