model,runtime,inference_time_1,fps,inference_time,device,half,int8,map50,map75,warmup_max_inf_time,warmup_min_inf_time,inference_time_max,inference_time_min
data/models/yolov8n.pt,BASE,88.7,11.3,88.71504545211792,cuda,0,0,0,0,4653.444290161133,56.429386138916016,355.6170463562012,87.00323104858398
data/models/yolov8s.pt,BASE,88.7,7.3,18.71504545211792,cuda,0,0,0,0,4653.444290161133,56.429386138916016,355.6170463562012,87.00323104858398
data/models/yolov8m.pt,BASE,88.7,5.3,88.71504545211792,cuda,0,0,0,0,4653.444290161133,56.429386138916016,355.6170463562012,87.00323104858398
data/models/yolov8l.pt,BASE,88.7,3.4,88.71504545211792,cuda,0,0,0,0,4653.444290161133,56.429386138916016,355.6170463562012,87.00323104858398
data/models/yolov8x.pt,BASE,88.7,1.2,88.71504545211792,cuda,0,0,0,0,4653.444290161133,56.429386138916016,355.6170463562012,87.00323104858398