model,runtime,inference_time_1,fps,inference_time,device,half,int8,map50,map75,warmup_max_inf_time,warmup_min_inf_time,inference_time_max,inference_time_min
data/models/yolov8n_onnx_base.onnx,yolov8n,772.0,1.3,772.0021867752075,cpu,0,0,,,821.4550018310547,768.4097290039062,825.1082897186279,767.2450542449951
data/models/yolov8n_onnx_int8.onnx,yolov8n,768.8,1.3,768.792234659195,cpu,0,1,,,848.4978675842285,765.9709453582764,801.4209270477295,765.5761241912842
