model,runtime,inference_time_1,fps,inference_time,device,half,int8,map50,map75,warmup_max_inf_time,warmup_min_inf_time,inference_time_max,inference_time_min
data/models/base.pt,BASE,1669.7,0.6,1669.6825575828552,cpu,0,0,,,1317.8503513336182,1023.5583782196045,1717.6625728607178,1644.871711730957
data/models/base_cube_ncnn_base_ncnn_model,base,459.7,2.2,459.67690229415894,cpu,0,0,,,607.1667671203613,426.0742664337158,603.5401821136475,425.6472587585449
data/models/base_cube_ncnn_half_ncnn_model,base,459.4,2.2,459.44380164146423,cpu,1,0,,,578.9861679077148,425.0495433807373,601.6912460327148,423.5985279083252
data/models/base_cube_ncnn_int8_ncnn_model,base,459.9,2.2,459.85655903816223,cpu,0,1,,,580.1026821136475,428.0204772949219,599.1253852844238,425.264835357666
